# TESS Instrument Response Function,,
# Source: Roland Vanderspek, POC, Kavli/MIT
# Version: 2.0,,
# Date: 2020/07/30,,
# Feedback: tesshelp@bigbang.gsfc.nasa.gov,,
 ,,
# Wavelength (nm), lambda Transmission,
300,0,0
302,0,0
304,0,0
306,0,0
308,0,0
310,0,0
312,0,0
314,0,0
316,0,0
318,0,0
320,0,0
322,0,0
324,0,0
326,0,0
328,0,0
330,0,0
332,0,0
334,0,0
336,0,0
338,0,0
340,0,0
342,0,0
344,0,0
346,0,0
348,0,0
350,0,0
352,0,0
354,0,0
356,0,0
358,0,0
360,0,0
362,0,0
364,0,0
366,0,0
368,0,0
370,0,0
372,0,0
374,0,0
376,0,0
378,0,0
380,0,0
382,0,0
384,0,0
386,0,0
388,0,0
390,0,0
392,0,0
394,0,0
396,0,0
398,0,0
400,0,0
402,0,0
404,0,0
406,0,0
408,0,0
410,0,0
412,0,0
414,0,0
416,0,0
418,0,0
420,0,0
422,0,0
424,0,0
426,0,0
428,0,0
430,0,0
432,0,0
434,0,0
436,0,0
438,0,0
440,0,0
442,0,0
444,0,0
446,0,0
448,0,0
450,0,0
452,0,0
454,0,0
456,0,0
458,0,0
460,0,0
462,0,0
464,0,0
466,0,0
468,0,0
470,0,0
472,0,0
474,0,0
476,0,0
478,0,0
480,0,0
482,0,0
484,0,0
486,0,0
488,0,0
490,0,0
492,0,0
494,0,0
496,0,0
498,0,0
500,0,0
502,0,0
504,0,0
506,0,0
508,0,0
510,0,0
512,0,0
514,0,0
516,0,0
518,0,0
520,0,0
522,0,0
524,0,0
526,0,0
528,0,0
530,0,0
532,0,0
534,0.001,0.0013
536,0.001,0.0013
538,0.001,0.0013
540,0.001,0.0013
542,0.001,0.0013
544,0.001,0.0013
546,0.001,0.0013
548,0.001,0.0013
550,0.001,0.0013
552,0.001,0.0013
554,0.002,0.0025
556,0.002,0.0025
558,0.002,0.0025
560,0.002,0.0025
562,0.002,0.0025
564,0.002,0.0025
566,0.003,0.0038
568,0.003,0.0038
570,0.005,0.0064
572,0.01,0.0127
574,0.03,0.0382
576,0.074,0.0943
578,0.191,0.2433
580,0.491,0.6255
582,0.575,0.7325
584,0.495,0.6306
586,0.535,0.6815
588,0.61,0.7771
590,0.631,0.8038
592,0.633,0.8064
594,0.655,0.8344
596,0.681,0.8675
598,0.685,0.8726
600,0.678,0.8637
602,0.681,0.8675
604,0.691,0.8803
606,0.697,0.8879
608,0.693,0.8828
610,0.689,0.8777
612,0.688,0.8764
614,0.691,0.8803
616,0.695,0.8854
618,0.694,0.8841
620,0.693,0.8828
622,0.692,0.8815
624,0.692,0.8815
626,0.693,0.8828
628,0.695,0.8854
630,0.697,0.8879
632,0.699,0.8904
634,0.702,0.8943
636,0.706,0.8994
638,0.709,0.9032
640,0.71,0.9045
642,0.712,0.907
644,0.713,0.9083
646,0.716,0.9121
648,0.717,0.9134
650,0.719,0.9159
652,0.722,0.9197
654,0.723,0.921
656,0.724,0.9223
658,0.726,0.9248
660,0.728,0.9274
662,0.727,0.9261
664,0.728,0.9274
666,0.727,0.9261
668,0.728,0.9274
670,0.729,0.9287
672,0.73,0.9299
674,0.734,0.935
676,0.739,0.9414
678,0.743,0.9465
680,0.744,0.9478
682,0.745,0.949
684,0.744,0.9478
686,0.745,0.949
688,0.745,0.949
690,0.75,0.9554
692,0.755,0.9618
694,0.758,0.9656
696,0.762,0.9707
698,0.767,0.9771
700,0.768,0.9783
702,0.769,0.9796
704,0.77,0.9809
706,0.771,0.9822
708,0.775,0.9873
710,0.779,0.9924
712,0.784,0.9987
714,0.783,0.9975
716,0.784,0.9987
718,0.784,0.9987
720,0.783,0.9975
722,0.785,1
724,0.784,0.9987
726,0.782,0.9962
728,0.78,0.9936
730,0.776,0.9885
732,0.773,0.9847
734,0.771,0.9822
736,0.768,0.9783
738,0.771,0.9822
740,0.77,0.9809
742,0.773,0.9847
744,0.771,0.9822
746,0.771,0.9822
748,0.774,0.986
750,0.771,0.9822
752,0.772,0.9834
754,0.772,0.9834
756,0.774,0.986
758,0.773,0.9847
760,0.774,0.986
762,0.774,0.986
764,0.772,0.9834
766,0.767,0.9771
768,0.765,0.9745
770,0.757,0.9643
772,0.754,0.9605
774,0.754,0.9605
776,0.753,0.9592
778,0.754,0.9605
780,0.755,0.9618
782,0.756,0.9631
784,0.757,0.9643
786,0.762,0.9707
788,0.763,0.972
790,0.766,0.9758
792,0.763,0.972
794,0.768,0.9783
796,0.769,0.9796
798,0.772,0.9834
800,0.777,0.9898
802,0.778,0.9911
804,0.78,0.9936
806,0.78,0.9936
808,0.779,0.9924
810,0.78,0.9936
812,0.778,0.9911
814,0.775,0.9873
816,0.771,0.9822
818,0.772,0.9834
820,0.769,0.9796
822,0.767,0.9771
824,0.764,0.9732
826,0.762,0.9707
828,0.763,0.972
830,0.761,0.9694
832,0.761,0.9694
834,0.762,0.9707
836,0.763,0.972
838,0.763,0.972
840,0.763,0.972
842,0.763,0.972
844,0.762,0.9707
846,0.763,0.972
848,0.761,0.9694
850,0.761,0.9694
852,0.758,0.9656
854,0.759,0.9669
856,0.758,0.9656
858,0.758,0.9656
860,0.759,0.9669
862,0.758,0.9656
864,0.759,0.9669
866,0.76,0.9682
868,0.76,0.9682
870,0.761,0.9694
872,0.762,0.9707
874,0.763,0.972
876,0.763,0.972
878,0.764,0.9732
880,0.764,0.9732
882,0.765,0.9745
884,0.765,0.9745
886,0.765,0.9745
888,0.765,0.9745
890,0.763,0.972
892,0.761,0.9694
894,0.759,0.9669
896,0.756,0.9631
898,0.752,0.958
900,0.748,0.9529
902,0.742,0.9452
904,0.737,0.9389
906,0.732,0.9325
908,0.725,0.9236
910,0.719,0.9159
912,0.713,0.9083
914,0.709,0.9032
916,0.704,0.8968
918,0.697,0.8879
920,0.694,0.8841
922,0.691,0.8803
924,0.687,0.8752
926,0.685,0.8726
928,0.682,0.8688
930,0.677,0.8624
932,0.675,0.8599
934,0.671,0.8548
936,0.666,0.8484
938,0.662,0.8433
940,0.656,0.8357
942,0.65,0.828
944,0.641,0.8166
946,0.635,0.8089
948,0.626,0.7975
950,0.616,0.7847
952,0.605,0.7707
954,0.594,0.7567
956,0.582,0.7414
958,0.571,0.7274
960,0.557,0.7096
962,0.544,0.693
964,0.53,0.6752
966,0.514,0.6548
968,0.499,0.6357
970,0.484,0.6166
972,0.469,0.5975
974,0.453,0.5771
976,0.438,0.558
978,0.424,0.5401
980,0.411,0.5236
982,0.399,0.5083
984,0.386,0.4917
986,0.373,0.4752
988,0.362,0.4611
990,0.351,0.4471
992,0.342,0.4357
994,0.333,0.4242
996,0.321,0.4089
998,0.309,0.3936
1000,0.299,0.3809
1002,0.287,0.3656
1004,0.276,0.3516
1006,0.263,0.335
1008,0.252,0.321
1010,0.24,0.3057
1012,0.227,0.2892
1014,0.217,0.2764
1016,0.205,0.2611
1018,0.194,0.2471
1020,0.184,0.2344
1022,0.174,0.2217
1024,0.164,0.2089
1026,0.156,0.1987
1028,0.147,0.1873
1030,0.139,0.1771
1032,0.132,0.1682
1034,0.125,0.1592
1036,0.117,0.149
1038,0.111,0.1414
1040,0.104,0.1325
1042,0.097,0.1236
1044,0.09,0.1146
1046,0.083,0.1057
1048,0.077,0.0981
1050,0.07,0.0892
1052,0.063,0.0803
1054,0.057,0.0726
1056,0.051,0.065
1058,0.044,0.0561
1060,0.038,0.0484
1062,0,0
1064,0,0
1066,0,0
1068,0,0
1070,0,0
1072,0,0
1074,0,0
1076,0,0
1078,0,0
1080,0,0
1082,0,0
1084,0,0
1086,0,
1088,0,
1090,0,
1092,0,
1094,0,
1096,0,
1098,0,
1100,0,
1102,0,
1104,0,
1106,0,
1108,0,
1110,0,
1112,0,
1114,0,
1116,0,
1118,0,
1120,0,
1122,0,
1124,0,
1126,0,
1128,0,
1130,0,
1132,0,
1134,0,
1136,0,
1138,0,
1140,0,
1142,0,
1144,0,
1146,0,
1148,0,
1150,0,
1152,0,
1154,0,
1156,0,
1158,0,
1160,0,
1162,0,
1164,0,
1166,0,
1168,0,
1170,0,
1172,0,
1174,0,
1176,0,
1178,0,
1180,0,
1182,0,
1184,0,
1186,0,
1188,0,
1190,0,
1192,0,
1194,0,
1196,0,
1198,0,
1200,0,
1202,0,
1204,0,
1206,0,
1208,0,
1210,0,
1212,0,
1214,0,
1216,0,
1218,0,
1220,0,
1222,0,
1224,0,
1226,0,
1228,0,
1230,0,
1232,0,
1234,0,
1236,0,
1238,0,
1240,0,
1242,0,
1244,0,
1246,0,
1248,0,
1250,0,
1252,0,
1254,0,
1256,0,
1258,0,
1260,0,
1262,0,
1264,0,
1266,0,
1268,0,
1270,0,
1272,0,
1274,0,
1276,0,
1278,0,
1280,0,
1282,0,
1284,0,
1286,0,
1288,0,
1290,0,
1292,0,
1294,0,
1296,0,
1298,0,
1300,0,
1302,0,
1304,0,
1306,0,
1308,0,
1310,0,
1312,0,
1314,0,
1316,0,
1318,0,
1320,0,
1322,0,
1324,0,
1326,0,
1328,0,
1330,0,
1332,0,
1334,0,
1336,0,
1338,0,
1340,0,
1342,0,
1344,0,
1346,0,
1348,0,
1350,0,
1352,0,
1354,0,
1356,0,
1358,0,
1360,0,
1362,0,
1364,0,
1366,0,
1368,0,
1370,0,
1372,0,
1374,0,
1376,0,
1378,0,
1380,0,
1382,0,
1384,0,
1386,0,
1388,0,
1390,0,
1392,0,
1394,0,
1396,0,
1398,0,
1400,0,
1402,0,
1404,0,
1406,0,
1408,0,
1410,0,
1412,0,
1414,0,
1416,0,
1418,0,
1420,0,
1422,0,
1424,0,
1426,0,
1428,0,
1430,0,
1432,0,
1434,0,
1436,0,
1438,0,
1440,0,
1442,0,
1444,0,
1446,0,
1448,0,
1450,0,
1452,0,
1454,0,
1456,0,
1458,0,
1460,0,
1462,0,
1464,0,
1466,0,
1468,0,
1470,0,
1472,0,
1474,0,
1476,0,
1478,0,
1480,0,
1482,0,
1484,0,
1486,0,
1488,0,
1490,0,
1492,0,
1494,0,
1496,0,
1498,0,
1500,0,
1502,0,
1504,0,
1506,0,
1508,0,
1510,0,
1512,0,
1514,0,
1516,0,
1518,0,
1520,0,
1522,0,
1524,0,
1526,0,
1528,0,
1530,0,
1532,0,
1534,0,
1536,0,
1538,0,
1540,0,
1542,0,
1544,0,
1546,0,
1548,0,
1550,0,
1552,0,
1554,0,
1556,0,
1558,0,
1560,0,
1562,0,
1564,0,
1566,0,
1568,0,
1570,0,
1572,0,
1574,0,
1576,0,
1578,0,
1580,0,
1582,0,
1584,0,
1586,0,
1588,0,
1590,0,
1592,0,
1594,0,
1596,0,
1598,0,
1600,0,
1602,0,
1604,0,
1606,0,
1608,0,
1610,0,
1612,0,
1614,0,
1616,0,
1618,0,
1620,0,
1622,0,
1624,0,
1626,0,
1628,0,
1630,0,
1632,0,
1634,0,
1636,0,
1638,0,
1640,0,
1642,0,
1644,0,
1646,0,
1648,0,
1650,0,
1652,0,
1654,0,
1656,0,
1658,0,
1660,0,
1662,0,
1664,0,
1666,0,
1668,0,
1670,0,
1672,0,
1674,0,
1676,0,
1678,0,
1680,0,
1682,0,
1684,0,
1686,0,
1688,0,
1690,0,
1692,0,
1694,0,
1696,0,
1698,0,
1700,0,
1702,0,
1704,0,
1706,0,
1708,0,
1710,0,
1712,0,
1714,0,
1716,0,
1718,0,
1720,0,
1722,0,
1724,0,
1726,0,
1728,0,
1730,0,
1732,0,
1734,0,
1736,0,
1738,0,
1740,0,
1742,0,
1744,0,
1746,0,
1748,0,
1750,0,
1752,0,
1754,0,
1756,0,
1758,0,
1760,0,
1762,0,
1764,0,
1766,0,
1768,0,
1770,0,
1772,0,
1774,0,
1776,0,
1778,0,
1780,0,
1782,0,
1784,0,
1786,0,
1788,0,
1790,0,
1792,0,
1794,0,
1796,0,
1798,0,
1800,0,
1802,0,
1804,0,
1806,0,
1808,0,
1810,0,
1812,0,
1814,0,
1816,0,
1818,0,
1820,0,
1822,0,
1824,0,
1826,0,
1828,0,
1830,0,
1832,0,
1834,0,
1836,0,
1838,0,
1840,0,
1842,0,
1844,0,
1846,0,
1848,0,
1850,0,
1852,0,
1854,0,
1856,0,
1858,0,
1860,0,
1862,0,
1864,0,
1866,0,
1868,0,
1870,0,
1872,0,
1874,0,
1876,0,
1878,0,
1880,0,
1882,0,
1884,0,
1886,0,
1888,0,
1890,0,
1892,0,
1894,0,
1896,0,
1898,0,
1900,0,
1902,0,
1904,0,
1906,0,
1908,0,
1910,0,
1912,0,
1914,0,
1916,0,
1918,0,
1920,0,
1922,0,
1924,0,
1926,0,
1928,0,
1930,0,
1932,0,
1934,0,
1936,0,
1938,0,
1940,0,
1942,0,
1944,0,
1946,0,
1948,0,
1950,0,
1952,0,
1954,0,
1956,0,
1958,0,
1960,0,
1962,0,
1964,0,
1966,0,
1968,0,
1970,0,
1972,0,
1974,0,
1976,0,
1978,0,
1980,0,
1982,0,
1984,0,
1986,0,
1988,0,
1990,0,
1992,0,
1994,0,
1996,0,
1998,0,
2000,0,
